"Metabolite","File","Mass_mz","SamplePeakArea","SampleMID","Mass.m.z.","BackupPeakArea","BackupMID","UsedMID"
"Alanine_(2TMS)_BP_RI:1097_IDENT:B+C","e19025ba_20.txt",116,328002,0.918827157900045,118,99834,0.032638386,"backup"
"Alanine_(2TMS)_BP_RI:1097_IDENT:B+C","e19025ba_20.txt",116,328002,0.918827157900045,117,323019,0.105603488,"backup"
"Alanine_(2TMS)_BP_RI:1097_IDENT:B+C","e19025ba_20.txt",116,328002,0.918827157900045,119,19759,0.006459742,"backup"
"Alanine_(2TMS)_BP_RI:1097_IDENT:B+C","e19025ba_20.txt",116,328002,0.918827157900045,116,2616179,0.855298384,"backup"
"Alanine_(2TMS)_BP_RI:1097_IDENT:B+C","e19025ba_18.txt",116,59594,0.372153147695978,118,99834,0.032638386,"backup"
"Alanine_(2TMS)_BP_RI:1097_IDENT:B+C","e19025ba_18.txt",116,59594,0.372153147695978,117,323019,0.105603488,"backup"
"Alanine_(2TMS)_BP_RI:1097_IDENT:B+C","e19025ba_18.txt",116,59594,0.372153147695978,119,19759,0.006459742,"backup"
"Alanine_(2TMS)_BP_RI:1097_IDENT:B+C","e19025ba_18.txt",116,59594,0.372153147695978,116,2616179,0.855298384,"backup"
"Alanine_(2TMS)_BP_RI:1097_IDENT:B+C","e19025ba_21.txt",116,151684,0.741937850647858,118,99834,0.032638386,"backup"
"Alanine_(2TMS)_BP_RI:1097_IDENT:B+C","e19025ba_21.txt",116,151684,0.741937850647858,117,323019,0.105603488,"backup"
"Alanine_(2TMS)_BP_RI:1097_IDENT:B+C","e19025ba_21.txt",116,151684,0.741937850647858,119,19759,0.006459742,"backup"
"Alanine_(2TMS)_BP_RI:1097_IDENT:B+C","e19025ba_21.txt",116,151684,0.741937850647858,116,2616179,0.855298384,"backup"
"Alanine_(2TMS)_BP_RI:1097_IDENT:B+C","e19025ba_21.txt",118,15325,0.0749597687374965,118,99834,0.032638386,"backup"
"Alanine_(2TMS)_BP_RI:1097_IDENT:B+C","e19025ba_21.txt",118,15325,0.0749597687374965,117,323019,0.105603488,"backup"
"Alanine_(2TMS)_BP_RI:1097_IDENT:B+C","e19025ba_21.txt",118,15325,0.0749597687374965,119,19759,0.006459742,"backup"
"Alanine_(2TMS)_BP_RI:1097_IDENT:B+C","e19025ba_21.txt",118,15325,0.0749597687374965,116,2616179,0.855298384,"backup"
"Alanine_(2TMS)_BP_RI:1097_IDENT:B+C","e19025ba_18.txt",118,29457,0.183953338787133,118,99834,0.032638386,"backup"
"Alanine_(2TMS)_BP_RI:1097_IDENT:B+C","e19025ba_18.txt",118,29457,0.183953338787133,117,323019,0.105603488,"backup"
"Alanine_(2TMS)_BP_RI:1097_IDENT:B+C","e19025ba_18.txt",118,29457,0.183953338787133,119,19759,0.006459742,"backup"
"Alanine_(2TMS)_BP_RI:1097_IDENT:B+C","e19025ba_18.txt",118,29457,0.183953338787133,116,2616179,0.855298384,"backup"
"Alanine_(2TMS)_BP_RI:1097_IDENT:B+C","e19025ba_20.txt",118,9690,0.0271444538754381,118,99834,0.032638386,"backup"
"Alanine_(2TMS)_BP_RI:1097_IDENT:B+C","e19025ba_20.txt",118,9690,0.0271444538754381,117,323019,0.105603488,"backup"
"Alanine_(2TMS)_BP_RI:1097_IDENT:B+C","e19025ba_20.txt",118,9690,0.0271444538754381,119,19759,0.006459742,"backup"
"Alanine_(2TMS)_BP_RI:1097_IDENT:B+C","e19025ba_20.txt",118,9690,0.0271444538754381,116,2616179,0.855298384,"backup"
"Alanine_(3TMS)_MP_RI:1367_IDENT:B+C","e19025ba_17.txt",188,295856,0.72848686608031,190,307,0.0495,"backup"
"Alanine_(3TMS)_MP_RI:1367_IDENT:B+C","e19025ba_17.txt",188,295856,0.72848686608031,191,53,0.0086,"backup"
"Alanine_(3TMS)_MP_RI:1367_IDENT:B+C","e19025ba_17.txt",188,295856,0.72848686608031,188,4960,0.8005,"backup"
"Alanine_(3TMS)_MP_RI:1367_IDENT:B+C","e19025ba_17.txt",188,295856,0.72848686608031,189,876,0.1414,"backup"
"Alanine_(3TMS)_MP_RI:1367_IDENT:B+C","e19025ba_18.txt",188,104990,0.769163144052337,190,307,0.0495,"backup"
"Alanine_(3TMS)_MP_RI:1367_IDENT:B+C","e19025ba_18.txt",188,104990,0.769163144052337,191,53,0.0086,"backup"
"Alanine_(3TMS)_MP_RI:1367_IDENT:B+C","e19025ba_18.txt",188,104990,0.769163144052337,188,4960,0.8005,"backup"
"Alanine_(3TMS)_MP_RI:1367_IDENT:B+C","e19025ba_18.txt",188,104990,0.769163144052337,189,876,0.1414,"backup"
"Alanine_(3TMS)_MP_RI:1367_IDENT:B+C","e19025ba_20.txt",188,370966,0.730652191468115,190,307,0.0495,"backup"
"Alanine_(3TMS)_MP_RI:1367_IDENT:B+C","e19025ba_20.txt",188,370966,0.730652191468115,191,53,0.0086,"backup"
"Alanine_(3TMS)_MP_RI:1367_IDENT:B+C","e19025ba_20.txt",188,370966,0.730652191468115,188,4960,0.8005,"backup"
"Alanine_(3TMS)_MP_RI:1367_IDENT:B+C","e19025ba_20.txt",188,370966,0.730652191468115,189,876,0.1414,"backup"
"Alanine_(3TMS)_MP_RI:1367_IDENT:B+C","e19025ba_20.txt",190,44919,0.0884721666906301,190,307,0.0495,"backup"
"Alanine_(3TMS)_MP_RI:1367_IDENT:B+C","e19025ba_20.txt",190,44919,0.0884721666906301,191,53,0.0086,"backup"
"Alanine_(3TMS)_MP_RI:1367_IDENT:B+C","e19025ba_20.txt",190,44919,0.0884721666906301,188,4960,0.8005,"backup"
"Alanine_(3TMS)_MP_RI:1367_IDENT:B+C","e19025ba_20.txt",190,44919,0.0884721666906301,189,876,0.1414,"backup"
"Alanine_(3TMS)_MP_RI:1367_IDENT:B+C","e19025ba_17.txt",190,43417,0.10690577262117,190,307,0.0495,"backup"
"Alanine_(3TMS)_MP_RI:1367_IDENT:B+C","e19025ba_17.txt",190,43417,0.10690577262117,191,53,0.0086,"backup"
"Alanine_(3TMS)_MP_RI:1367_IDENT:B+C","e19025ba_17.txt",190,43417,0.10690577262117,188,4960,0.8005,"backup"
"Alanine_(3TMS)_MP_RI:1367_IDENT:B+C","e19025ba_17.txt",190,43417,0.10690577262117,189,876,0.1414,"backup"
"Alanine_(3TMS)_MP_RI:1367_IDENT:B+C","e19025ba_18.txt",190,17842,0.130711580304618,190,307,0.0495,"backup"
"Alanine_(3TMS)_MP_RI:1367_IDENT:B+C","e19025ba_18.txt",190,17842,0.130711580304618,191,53,0.0086,"backup"
"Alanine_(3TMS)_MP_RI:1367_IDENT:B+C","e19025ba_18.txt",190,17842,0.130711580304618,188,4960,0.8005,"backup"
"Alanine_(3TMS)_MP_RI:1367_IDENT:B+C","e19025ba_18.txt",190,17842,0.130711580304618,189,876,0.1414,"backup"
"Lactic acid_(2TMS)_MP_RI:1055_IDENT:B+C","e19025ba_20.txt",219,390974,0.710138767800058,220,26389,0.1499,"backup"
"Lactic acid_(2TMS)_MP_RI:1055_IDENT:B+C","e19025ba_20.txt",219,390974,0.710138767800058,219,136224,0.7738,"backup"
"Lactic acid_(2TMS)_MP_RI:1055_IDENT:B+C","e19025ba_20.txt",219,390974,0.710138767800058,224,0,0,"backup"
"Lactic acid_(2TMS)_MP_RI:1055_IDENT:B+C","e19025ba_20.txt",219,390974,0.710138767800058,221,11886,0.0675,"backup"
"Lactic acid_(2TMS)_MP_RI:1055_IDENT:B+C","e19025ba_20.txt",219,390974,0.710138767800058,222,1420,0.0081,"backup"
"Lactic acid_(2TMS)_MP_RI:1055_IDENT:B+C","e19025ba_20.txt",219,390974,0.710138767800058,223,121,7e-04,"backup"
"Lactic acid_(2TMS)_MP_RI:1055_IDENT:B+C","e19025ba_21.txt",219,0,0,220,26389,0.1499,"backup"
"Lactic acid_(2TMS)_MP_RI:1055_IDENT:B+C","e19025ba_21.txt",219,0,0,219,136224,0.7738,"backup"
"Lactic acid_(2TMS)_MP_RI:1055_IDENT:B+C","e19025ba_21.txt",219,0,0,224,0,0,"backup"
"Lactic acid_(2TMS)_MP_RI:1055_IDENT:B+C","e19025ba_21.txt",219,0,0,221,11886,0.0675,"backup"
"Lactic acid_(2TMS)_MP_RI:1055_IDENT:B+C","e19025ba_21.txt",219,0,0,222,1420,0.0081,"backup"
"Lactic acid_(2TMS)_MP_RI:1055_IDENT:B+C","e19025ba_21.txt",219,0,0,223,121,7e-04,"backup"
"Lactic acid_(2TMS)_MP_RI:1055_IDENT:B+C","e19025ba_18.txt",219,337837,0.651052496680536,220,26389,0.1499,"backup"
"Lactic acid_(2TMS)_MP_RI:1055_IDENT:B+C","e19025ba_18.txt",219,337837,0.651052496680536,219,136224,0.7738,"backup"
"Lactic acid_(2TMS)_MP_RI:1055_IDENT:B+C","e19025ba_18.txt",219,337837,0.651052496680536,224,0,0,"backup"
"Lactic acid_(2TMS)_MP_RI:1055_IDENT:B+C","e19025ba_18.txt",219,337837,0.651052496680536,221,11886,0.0675,"backup"
"Lactic acid_(2TMS)_MP_RI:1055_IDENT:B+C","e19025ba_18.txt",219,337837,0.651052496680536,222,1420,0.0081,"backup"
"Lactic acid_(2TMS)_MP_RI:1055_IDENT:B+C","e19025ba_18.txt",219,337837,0.651052496680536,223,121,7e-04,"backup"
"Lactic acid_(2TMS)_MP_RI:1055_IDENT:B+C","e19025ba_17.txt",219,642660,0.657985131702483,220,26389,0.1499,"backup"
"Lactic acid_(2TMS)_MP_RI:1055_IDENT:B+C","e19025ba_17.txt",219,642660,0.657985131702483,219,136224,0.7738,"backup"
"Lactic acid_(2TMS)_MP_RI:1055_IDENT:B+C","e19025ba_17.txt",219,642660,0.657985131702483,224,0,0,"backup"
"Lactic acid_(2TMS)_MP_RI:1055_IDENT:B+C","e19025ba_17.txt",219,642660,0.657985131702483,221,11886,0.0675,"backup"
"Lactic acid_(2TMS)_MP_RI:1055_IDENT:B+C","e19025ba_17.txt",219,642660,0.657985131702483,222,1420,0.0081,"backup"
"Lactic acid_(2TMS)_MP_RI:1055_IDENT:B+C","e19025ba_17.txt",219,642660,0.657985131702483,223,121,7e-04,"backup"
"Lactic acid_(2TMS)_MP_RI:1055_IDENT:B+C","e19025ba_20.txt",222,47090,0.0855310956117408,220,26389,0.1499,"backup"
"Lactic acid_(2TMS)_MP_RI:1055_IDENT:B+C","e19025ba_20.txt",222,47090,0.0855310956117408,219,136224,0.7738,"backup"
"Lactic acid_(2TMS)_MP_RI:1055_IDENT:B+C","e19025ba_20.txt",222,47090,0.0855310956117408,224,0,0,"backup"
"Lactic acid_(2TMS)_MP_RI:1055_IDENT:B+C","e19025ba_20.txt",222,47090,0.0855310956117408,221,11886,0.0675,"backup"
"Lactic acid_(2TMS)_MP_RI:1055_IDENT:B+C","e19025ba_20.txt",222,47090,0.0855310956117408,222,1420,0.0081,"backup"
"Lactic acid_(2TMS)_MP_RI:1055_IDENT:B+C","e19025ba_20.txt",222,47090,0.0855310956117408,223,121,7e-04,"backup"
"Lactic acid_(2TMS)_MP_RI:1055_IDENT:B+C","e19025ba_18.txt",222,68494,0.131996168885103,220,26389,0.1499,"backup"
"Lactic acid_(2TMS)_MP_RI:1055_IDENT:B+C","e19025ba_18.txt",222,68494,0.131996168885103,219,136224,0.7738,"backup"
"Lactic acid_(2TMS)_MP_RI:1055_IDENT:B+C","e19025ba_18.txt",222,68494,0.131996168885103,224,0,0,"backup"
"Lactic acid_(2TMS)_MP_RI:1055_IDENT:B+C","e19025ba_18.txt",222,68494,0.131996168885103,221,11886,0.0675,"backup"
"Lactic acid_(2TMS)_MP_RI:1055_IDENT:B+C","e19025ba_18.txt",222,68494,0.131996168885103,222,1420,0.0081,"backup"
"Lactic acid_(2TMS)_MP_RI:1055_IDENT:B+C","e19025ba_18.txt",222,68494,0.131996168885103,223,121,7e-04,"backup"
"Lactic acid_(2TMS)_MP_RI:1055_IDENT:B+C","e19025ba_17.txt",222,113452,0.116157422528102,220,26389,0.1499,"backup"
"Lactic acid_(2TMS)_MP_RI:1055_IDENT:B+C","e19025ba_17.txt",222,113452,0.116157422528102,219,136224,0.7738,"backup"
"Lactic acid_(2TMS)_MP_RI:1055_IDENT:B+C","e19025ba_17.txt",222,113452,0.116157422528102,224,0,0,"backup"
"Lactic acid_(2TMS)_MP_RI:1055_IDENT:B+C","e19025ba_17.txt",222,113452,0.116157422528102,221,11886,0.0675,"backup"
"Lactic acid_(2TMS)_MP_RI:1055_IDENT:B+C","e19025ba_17.txt",222,113452,0.116157422528102,222,1420,0.0081,"backup"
"Lactic acid_(2TMS)_MP_RI:1055_IDENT:B+C","e19025ba_17.txt",222,113452,0.116157422528102,223,121,7e-04,"backup"
"Lactic acid_(2TMS)_MP_RI:1055_IDENT:B+C","e19025ba_21.txt",222,80335,0.543053565151556,220,26389,0.1499,"backup"
"Lactic acid_(2TMS)_MP_RI:1055_IDENT:B+C","e19025ba_21.txt",222,80335,0.543053565151556,219,136224,0.7738,"backup"
"Lactic acid_(2TMS)_MP_RI:1055_IDENT:B+C","e19025ba_21.txt",222,80335,0.543053565151556,224,0,0,"backup"
"Lactic acid_(2TMS)_MP_RI:1055_IDENT:B+C","e19025ba_21.txt",222,80335,0.543053565151556,221,11886,0.0675,"backup"
"Lactic acid_(2TMS)_MP_RI:1055_IDENT:B+C","e19025ba_21.txt",222,80335,0.543053565151556,222,1420,0.0081,"backup"
"Lactic acid_(2TMS)_MP_RI:1055_IDENT:B+C","e19025ba_21.txt",222,80335,0.543053565151556,223,121,7e-04,"backup"
"Serine_(2TMS)_BP_RI:1260_IDENT:C+D","e19025ba_17.txt",116,1e+07,0.826182244071254,119,65374,0.011962711,"backup"
"Serine_(2TMS)_BP_RI:1260_IDENT:C+D","e19025ba_17.txt",116,1e+07,0.826182244071254,118,403044,0.073752542,"backup"
"Serine_(2TMS)_BP_RI:1260_IDENT:C+D","e19025ba_17.txt",116,1e+07,0.826182244071254,117,756114,0.138360402,"backup"
"Serine_(2TMS)_BP_RI:1260_IDENT:C+D","e19025ba_17.txt",116,1e+07,0.826182244071254,120,12895,0.002359641,"backup"
"Serine_(2TMS)_BP_RI:1260_IDENT:C+D","e19025ba_17.txt",116,1e+07,0.826182244071254,116,4227388,0.773564704,"backup"
"Serine_(2TMS)_BP_RI:1260_IDENT:C+D","e19025ba_20.txt",116,7868108,0.832870892387529,119,65374,0.011962711,"backup"
"Serine_(2TMS)_BP_RI:1260_IDENT:C+D","e19025ba_20.txt",116,7868108,0.832870892387529,118,403044,0.073752542,"backup"
"Serine_(2TMS)_BP_RI:1260_IDENT:C+D","e19025ba_20.txt",116,7868108,0.832870892387529,117,756114,0.138360402,"backup"
"Serine_(2TMS)_BP_RI:1260_IDENT:C+D","e19025ba_20.txt",116,7868108,0.832870892387529,120,12895,0.002359641,"backup"
"Serine_(2TMS)_BP_RI:1260_IDENT:C+D","e19025ba_20.txt",116,7868108,0.832870892387529,116,4227388,0.773564704,"backup"
"Serine_(2TMS)_BP_RI:1260_IDENT:C+D","e19025ba_21.txt",116,3198645,0.836186722212985,119,65374,0.011962711,"backup"
"Serine_(2TMS)_BP_RI:1260_IDENT:C+D","e19025ba_21.txt",116,3198645,0.836186722212985,118,403044,0.073752542,"backup"
"Serine_(2TMS)_BP_RI:1260_IDENT:C+D","e19025ba_21.txt",116,3198645,0.836186722212985,117,756114,0.138360402,"backup"
"Serine_(2TMS)_BP_RI:1260_IDENT:C+D","e19025ba_21.txt",116,3198645,0.836186722212985,120,12895,0.002359641,"backup"
"Serine_(2TMS)_BP_RI:1260_IDENT:C+D","e19025ba_21.txt",116,3198645,0.836186722212985,116,4227388,0.773564704,"backup"
"Serine_(2TMS)_BP_RI:1260_IDENT:C+D","e19025ba_17.txt",118,523198,0.0432256897733592,119,65374,0.011962711,"backup"
"Serine_(2TMS)_BP_RI:1260_IDENT:C+D","e19025ba_17.txt",118,523198,0.0432256897733592,118,403044,0.073752542,"backup"
"Serine_(2TMS)_BP_RI:1260_IDENT:C+D","e19025ba_17.txt",118,523198,0.0432256897733592,117,756114,0.138360402,"backup"
"Serine_(2TMS)_BP_RI:1260_IDENT:C+D","e19025ba_17.txt",118,523198,0.0432256897733592,120,12895,0.002359641,"backup"
"Serine_(2TMS)_BP_RI:1260_IDENT:C+D","e19025ba_17.txt",118,523198,0.0432256897733592,116,4227388,0.773564704,"backup"
"Serine_(2TMS)_BP_RI:1260_IDENT:C+D","e19025ba_21.txt",118,159558,0.0417115000329388,119,65374,0.011962711,"backup"
"Serine_(2TMS)_BP_RI:1260_IDENT:C+D","e19025ba_21.txt",118,159558,0.0417115000329388,118,403044,0.073752542,"backup"
"Serine_(2TMS)_BP_RI:1260_IDENT:C+D","e19025ba_21.txt",118,159558,0.0417115000329388,117,756114,0.138360402,"backup"
"Serine_(2TMS)_BP_RI:1260_IDENT:C+D","e19025ba_21.txt",118,159558,0.0417115000329388,120,12895,0.002359641,"backup"
"Serine_(2TMS)_BP_RI:1260_IDENT:C+D","e19025ba_21.txt",118,159558,0.0417115000329388,116,4227388,0.773564704,"backup"
"Serine_(2TMS)_BP_RI:1260_IDENT:C+D","e19025ba_20.txt",118,393373,0.0416401149490016,119,65374,0.011962711,"backup"
"Serine_(2TMS)_BP_RI:1260_IDENT:C+D","e19025ba_20.txt",118,393373,0.0416401149490016,118,403044,0.073752542,"backup"
"Serine_(2TMS)_BP_RI:1260_IDENT:C+D","e19025ba_20.txt",118,393373,0.0416401149490016,117,756114,0.138360402,"backup"
"Serine_(2TMS)_BP_RI:1260_IDENT:C+D","e19025ba_20.txt",118,393373,0.0416401149490016,120,12895,0.002359641,"backup"
"Serine_(2TMS)_BP_RI:1260_IDENT:C+D","e19025ba_20.txt",118,393373,0.0416401149490016,116,4227388,0.773564704,"backup"
"Serine_(3TMS)_MP_RI:1373_IDENT:C+D","e19025ba_20.txt",204,4355519,0.672169880840256,206,17381,0.0666,"backup"
"Serine_(3TMS)_MP_RI:1373_IDENT:C+D","e19025ba_20.txt",204,4355519,0.672169880840256,207,2368,0.0091,"backup"
"Serine_(3TMS)_MP_RI:1373_IDENT:C+D","e19025ba_20.txt",204,4355519,0.672169880840256,204,200666,0.7685,"backup"
"Serine_(3TMS)_MP_RI:1373_IDENT:C+D","e19025ba_20.txt",204,4355519,0.672169880840256,208,385,0.0015,"backup"
"Serine_(3TMS)_MP_RI:1373_IDENT:C+D","e19025ba_20.txt",204,4355519,0.672169880840256,205,40316,0.1544,"backup"
"Serine_(3TMS)_MP_RI:1373_IDENT:C+D","e19025ba_18.txt",204,4740570,0.674219194447605,206,17381,0.0666,"backup"
"Serine_(3TMS)_MP_RI:1373_IDENT:C+D","e19025ba_18.txt",204,4740570,0.674219194447605,207,2368,0.0091,"backup"
"Serine_(3TMS)_MP_RI:1373_IDENT:C+D","e19025ba_18.txt",204,4740570,0.674219194447605,204,200666,0.7685,"backup"
"Serine_(3TMS)_MP_RI:1373_IDENT:C+D","e19025ba_18.txt",204,4740570,0.674219194447605,208,385,0.0015,"backup"
"Serine_(3TMS)_MP_RI:1373_IDENT:C+D","e19025ba_18.txt",204,4740570,0.674219194447605,205,40316,0.1544,"backup"
"Serine_(3TMS)_MP_RI:1373_IDENT:C+D","e19025ba_21.txt",204,6056662,0.778772438532113,206,17381,0.0666,"backup"
"Serine_(3TMS)_MP_RI:1373_IDENT:C+D","e19025ba_21.txt",204,6056662,0.778772438532113,207,2368,0.0091,"backup"
"Serine_(3TMS)_MP_RI:1373_IDENT:C+D","e19025ba_21.txt",204,6056662,0.778772438532113,204,200666,0.7685,"backup"
"Serine_(3TMS)_MP_RI:1373_IDENT:C+D","e19025ba_21.txt",204,6056662,0.778772438532113,208,385,0.0015,"backup"
"Serine_(3TMS)_MP_RI:1373_IDENT:C+D","e19025ba_21.txt",204,6056662,0.778772438532113,205,40316,0.1544,"backup"
"Serine_(3TMS)_MP_RI:1373_IDENT:C+D","e19025ba_17.txt",204,27500000,0.807778952435244,206,17381,0.0666,"backup"
"Serine_(3TMS)_MP_RI:1373_IDENT:C+D","e19025ba_17.txt",204,27500000,0.807778952435244,207,2368,0.0091,"backup"
"Serine_(3TMS)_MP_RI:1373_IDENT:C+D","e19025ba_17.txt",204,27500000,0.807778952435244,204,200666,0.7685,"backup"
"Serine_(3TMS)_MP_RI:1373_IDENT:C+D","e19025ba_17.txt",204,27500000,0.807778952435244,208,385,0.0015,"backup"
"Serine_(3TMS)_MP_RI:1373_IDENT:C+D","e19025ba_17.txt",204,27500000,0.807778952435244,205,40316,0.1544,"backup"
"Serine_(3TMS)_MP_RI:1373_IDENT:C+D","e19025ba_20.txt",206,627049,0.0967699719851989,206,17381,0.0666,"backup"
"Serine_(3TMS)_MP_RI:1373_IDENT:C+D","e19025ba_20.txt",206,627049,0.0967699719851989,207,2368,0.0091,"backup"
"Serine_(3TMS)_MP_RI:1373_IDENT:C+D","e19025ba_20.txt",206,627049,0.0967699719851989,204,200666,0.7685,"backup"
"Serine_(3TMS)_MP_RI:1373_IDENT:C+D","e19025ba_20.txt",206,627049,0.0967699719851989,208,385,0.0015,"backup"
"Serine_(3TMS)_MP_RI:1373_IDENT:C+D","e19025ba_20.txt",206,627049,0.0967699719851989,205,40316,0.1544,"backup"
"Serine_(3TMS)_MP_RI:1373_IDENT:C+D","e19025ba_17.txt",206,1887372,0.0554392500732949,206,17381,0.0666,"backup"
"Serine_(3TMS)_MP_RI:1373_IDENT:C+D","e19025ba_17.txt",206,1887372,0.0554392500732949,207,2368,0.0091,"backup"
"Serine_(3TMS)_MP_RI:1373_IDENT:C+D","e19025ba_17.txt",206,1887372,0.0554392500732949,204,200666,0.7685,"backup"
"Serine_(3TMS)_MP_RI:1373_IDENT:C+D","e19025ba_17.txt",206,1887372,0.0554392500732949,208,385,0.0015,"backup"
"Serine_(3TMS)_MP_RI:1373_IDENT:C+D","e19025ba_17.txt",206,1887372,0.0554392500732949,205,40316,0.1544,"backup"
"Serine_(3TMS)_MP_RI:1373_IDENT:C+D","e19025ba_18.txt",206,679431,0.0966308738195472,206,17381,0.0666,"backup"
"Serine_(3TMS)_MP_RI:1373_IDENT:C+D","e19025ba_18.txt",206,679431,0.0966308738195472,207,2368,0.0091,"backup"
"Serine_(3TMS)_MP_RI:1373_IDENT:C+D","e19025ba_18.txt",206,679431,0.0966308738195472,204,200666,0.7685,"backup"
"Serine_(3TMS)_MP_RI:1373_IDENT:C+D","e19025ba_18.txt",206,679431,0.0966308738195472,208,385,0.0015,"backup"
"Serine_(3TMS)_MP_RI:1373_IDENT:C+D","e19025ba_18.txt",206,679431,0.0966308738195472,205,40316,0.1544,"backup"
"Serine_(3TMS)_MP_RI:1373_IDENT:C+D","e19025ba_21.txt",206,492956,0.0633848390762166,206,17381,0.0666,"backup"
"Serine_(3TMS)_MP_RI:1373_IDENT:C+D","e19025ba_21.txt",206,492956,0.0633848390762166,207,2368,0.0091,"backup"
"Serine_(3TMS)_MP_RI:1373_IDENT:C+D","e19025ba_21.txt",206,492956,0.0633848390762166,204,200666,0.7685,"backup"
"Serine_(3TMS)_MP_RI:1373_IDENT:C+D","e19025ba_21.txt",206,492956,0.0633848390762166,208,385,0.0015,"backup"
"Serine_(3TMS)_MP_RI:1373_IDENT:C+D","e19025ba_21.txt",206,492956,0.0633848390762166,205,40316,0.1544,"backup"
